,AUC1,AUC2,AUC3,AUC4,AUC5
0,0.8626730103806229,0.8567609712630875,0.8599910893294721,0.8169971040320784,0.8523056359991089
1,0.8620242214532872,0.8269102249944309,0.820004455335264,0.8702383604366228,0.8452884829583426
2,0.8655925605536332,0.8340387614167966,0.8210069057696592,0.8276899086656272,0.8367119625751838
3,0.8757569204152249,0.8597683225662731,0.8707952773446203,0.8294720427712186,0.7947204277121855
4,0.8574826989619377,0.8578748050790823,0.8771441300957898,0.8382713299175762,0.8605480062374694
