,AUC1,AUC2,AUC3,AUC4,AUC5
0,0.8700259515570934,0.83960793049677,0.906660726219648,0.8803742481621741,0.8941857874805078
1,0.8822448096885813,0.8792604143461795,0.8758075295165961,0.9019826241924704,0.9135664958788149
2,0.8868944636678201,0.8308086433504122,0.9149030964580085,0.8886166184005346,0.8949654711517042
3,0.8868944636678201,0.8546446870126978,0.9177990643795946,0.9019826241924704,0.8949654711517042
4,0.8700259515570934,0.8732457117398084,0.906660726219648,0.9019826241924704,0.8949654711517042
