,Method,AUC0,AUC1,AUC2,AUC3,AUC4
0,gp-rf,0.8308823529411765,0.8362664290487859,0.8400534640231678,0.8217865894408554,0.8081978168857207
