,AUC1,AUC2,AUC3,AUC4,AUC5
0,0.8410467128027683,0.8550902205390957,0.8538650033415015,0.7986188460681667,0.8234573401648475
1,0.8694852941176471,0.7992871463577634,0.8432835820895522,0.7763421697482736,0.8506348852751169
2,0.8614835640138409,0.8340387614167966,0.8058587658721319,0.8158832702160838,0.8253508576520383
3,0.8555363321799309,0.8693472933838271,0.8783693472933838,0.7732234350634886,0.8085319670305191
4,0.8621323529411765,0.8305858765872132,0.8535308531967031,0.8339273780351971,0.8482958342615283
