,AUC1,AUC2,AUC3,AUC4,AUC5
0,0.8691608996539792,0.8538650033415014,0.8728001782134106,0.799175762976164,0.8284695923368234
1,0.8659169550173011,0.8494096680775228,0.8895076854533305,0.826019157941635,0.8253508576520383
2,0.8530493079584776,0.8576520383158833,0.8552016039206951,0.8306972599688126,0.8870572510581421
3,0.8559688581314879,0.8418355981287591,0.8088661171753174,0.8384940966807752,0.8315883270216085
4,0.8369377162629759,0.8652261082646469,0.8777010470037869,0.8212296725328581,0.8191133882824683
