,AUC1,AUC2,AUC3,AUC4,AUC5
0,0.8533737024221454,0.8810425484517711,0.8400534640231677,0.8267988416128313,0.8084205836489194
1,0.8568339100346021,0.8264646914680329,0.8257963911784361,0.825239474270439,0.8233459567832478
2,0.8408304498269896,0.8019603475161506,0.865226108264647,0.8487413677879261,0.8240142570728447
3,0.8162846020761245,0.8349298284695923,0.8573178881710849,0.8327021608376031,0.8651147248830474
4,0.876946366782007,0.8260191579416352,0.8883938516373358,0.8241256404544443,0.8480730674983292
