,AUC1,AUC2,AUC3,AUC4,AUC5
0,0.8066608996539792,0.8456226331031409,0.8607707730006683,0.8020717308977501,0.7993985297393629
1,0.8435337370242214,0.8404989975495657,0.696257518378258,0.8179995544664735,0.806861216306527
2,0.8650519031141868,0.8064156827801292,0.8080864335041211,0.7983960793049678,0.8028514145689463
3,0.8639705882352943,0.8448429494319447,0.8755847627533972,0.7726665181554913,0.8280240588104254
4,0.8091479238754324,0.8302517264424147,0.858543105368679,0.8192247716640677,0.7825796391178437
